Sample Order	Sample Name
sample_001	D22-07608
sample_002	D24-03890
sample_003	D24-03891
sample_004	D24-03892
sample_005	D20-05240
sample_006	D23-09349
sample_007	D23-09384
sample_008	D24-01401
sample_009	D24-01640
sample_010	D24-02504
sample_011	D24-03945
sample_012	D24-03888
sample_013	D24-03946
sample_014	D24-03889
sample_015	D24-03952
sample_016	D23-08138
sample_017	D24-03982
sample_018	D24-04023
sample_019	D24-04029
sample_020	D24-04028
sample_021	D24-03986
sample_022	D24-03987
sample_023	D24-03985
sample_024	D24-04082
